post_id,title,subreddit,score_upvotes,comments,engagement,created_at,permalink
1qkwf6j,Lightweight search + fact extraction API for LLMs,LLMDevs,1,4,5,2026-01-23 22:34:52,https://reddit.com/r/LLMDevs/comments/1qkwf6j/lightweight_search_fact_extraction_api_for_llms/
1qi57ty,Lightweight search + fact extraction API for LLMs,BlackboxAI_,10,3,13,2026-01-20 21:39:25,https://reddit.com/r/BlackboxAI_/comments/1qi57ty/lightweight_search_fact_extraction_api_for_llms/
1qg135h,lightweight search + fact extraction API for LLMs,LLMDevs,1,1,2,2026-01-18 11:54:53,https://reddit.com/r/LLMDevs/comments/1qg135h/lightweight_search_fact_extraction_api_for_llms/
1qfp8tf,Building a lightweight search + fact extraction API for LLMs to handle large context from raw article data,automation,2,4,6,2026-01-18 02:52:06,https://reddit.com/r/automation/comments/1qfp8tf/building_a_lightweight_search_fact_extraction_api/
1qfp8i4,Building a lightweight search + fact extraction API for LLMs to handle large context from raw article data,AI_Agents,2,5,7,2026-01-18 02:51:44,https://reddit.com/r/AI_Agents/comments/1qfp8i4/building_a_lightweight_search_fact_extraction_api/
1qfczco,"Building LMsearch, a way to let your local llms or apis search for topic based summaries",micro_saas,1,0,1,2026-01-17 18:47:31,https://reddit.com/r/micro_saas/comments/1qfczco/building_lmsearch_a_way_to_let_your_local_llms_or/
1qeuk0z,Building an lightweight pre-research api for llms,saasbuild,1,2,3,2026-01-17 04:08:23,https://reddit.com/r/saasbuild/comments/1qeuk0z/building_an_lightweight_preresearch_api_for_llms/
1qeudoy,Building a lightweight search + fact extraction API for LLMs,SaaS,1,2,3,2026-01-17 04:01:19,https://reddit.com/r/SaaS/comments/1qeudoy/building_a_lightweight_search_fact_extraction_api/
1qeucpm,Building a lightweight search + fact extraction API for LLMs,u_Reasonable_Cod_8762,1,0,1,2026-01-17 04:00:19,https://reddit.com/r/u_Reasonable_Cod_8762/comments/1qeucpm/building_a_lightweight_search_fact_extraction_api/
1qeubdj,Building a lightweight search + fact extraction API for LLMs,alphaandbetausers,1,0,1,2026-01-17 03:58:53,https://reddit.com/r/alphaandbetausers/comments/1qeubdj/building_a_lightweight_search_fact_extraction_api/
1qeu9p6,Building a lightweight search + fact extraction API for LLMs to handle large context from raw article data,LocalLLaMA,0,0,0,2026-01-17 03:57:07,https://reddit.com/r/LocalLLaMA/comments/1qeu9p6/building_a_lightweight_search_fact_extraction_api/
1qeu7i5,Building a lightweight search + fact extraction API for LLMs - would you use this?,AI_Agents,1,7,8,2026-01-17 03:54:45,https://reddit.com/r/AI_Agents/comments/1qeu7i5/building_a_lightweight_search_fact_extraction_api/
1nmwhjq,Would You pay $20 for this,SaaS,2,1,3,2025-09-21 21:59:06,https://reddit.com/r/SaaS/comments/1nmwhjq/would_you_pay_20_for_this/
1nlg86t,"Cross-country property divergence: Germany permits +30%, China investment -12.9% - macro implications?",investing_discussion,1,0,1,2025-09-20 03:06:56,https://reddit.com/r/investing_discussion/comments/1nlg86t/crosscountry_property_divergence_germany_permits/
1nlg6mp,"Cross-country property divergence: Germany permits +30%, China investment -12.9% - macro implications?",GlobalMarketNews,1,0,1,2025-09-20 03:05:07,https://reddit.com/r/GlobalMarketNews/comments/1nlg6mp/crosscountry_property_divergence_germany_permits/
1nlg5k3,"Germany construction permits +30%, analysts calling 3% price growth through 2025 but affordability is the real point",EuropeFIRE,23,10,33,2025-09-20 03:03:50,https://reddit.com/r/EuropeFIRE/comments/1nlg5k3/germany_construction_permits_30_analysts_calling/
1nlg001,India just made REITs way more accessible,investing,11,8,19,2025-09-20 02:57:26,https://reddit.com/r/investing/comments/1nlg001/india_just_made_reits_way_more_accessible/
1ng1fqn,What are your opinions on the effect of what happened in nepal,RealEstate,1,0,1,2025-09-13 21:40:47,https://reddit.com/r/RealEstate/comments/1ng1fqn/what_are_your_opinions_on_the_effect_of_what/
1nfumf1,Searching for marketing partner(I will not promote),startups,1,1,2,2025-09-13 16:29:53,https://reddit.com/r/startups/comments/1nfumf1/searching_for_marketing_partneri_will_not_promote/
1nfthw1,used our saas on a newsletter,Substack,0,0,0,2025-09-13 15:20:24,https://reddit.com/r/Substack/comments/1nfthw1/used_our_saas_on_a_newsletter/
1nft867,demo for https://www.giiggleguru.com/p/the-yakuza-japan-s-nicest-criminals,u_Reasonable_Cod_8762,1,0,1,2025-09-13 15:02:54,https://reddit.com/r/u_Reasonable_Cod_8762/comments/1nft867/demo_for/
1nft4d5,demo for https://tokensignal.kit.com/posts/markets-coil-tight-altseason-smells-close,u_Reasonable_Cod_8762,1,0,1,2025-09-13 14:56:01,https://reddit.com/r/u_Reasonable_Cod_8762/comments/1nft4d5/demo_for/
1nft07n,demo from https://daily-duck.beehiiv.com/p/today-s-is-here-78b7,u_Reasonable_Cod_8762,1,0,1,2025-09-13 14:48:45,https://reddit.com/r/u_Reasonable_Cod_8762/comments/1nft07n/demo_from/
1ne6ym9,Any good ui design tools,SaaS,1,2,3,2025-09-11 17:33:14,https://reddit.com/r/SaaS/comments/1ne6ym9/any_good_ui_design_tools/
1nculs1,What problems do you have with existing ai agencies,SMBConnectIndia,2,3,5,2025-09-10 02:15:15,https://reddit.com/r/SMBConnectIndia/comments/1nculs1/what_problems_do_you_have_with_existing_ai/
1nbxzpv,todays free realestate breif,Kenya,2,3,5,2025-09-09 01:23:59,https://reddit.com/r/Kenya/comments/1nbxzpv/todays_free_realestate_breif/
1nbumd3,Comment for free creatives,Newsletters,1,5,6,2025-09-08 23:18:38,https://reddit.com/r/Newsletters/comments/1nbumd3/comment_for_free_creatives/
1nbukma,Comment and I will give you five tweets and one seven image coursel from your newsletter,Substack,0,2,2,2025-09-08 23:16:50,https://reddit.com/r/Substack/comments/1nbukma/comment_and_i_will_give_you_five_tweets_and_one/
1napkas,"Growth group, where we all restack each other post",Substack,0,9,9,2025-09-07 15:44:38,https://reddit.com/r/Substack/comments/1napkas/growth_group_where_we_all_restack_each_other_post/
1na9khl,"Automating Personalized Video Overlays for Client Outreach-$100, [For Hire]",DesignJobs,2,1,3,2025-09-07 01:43:49,https://reddit.com/r/DesignJobs/comments/1na9khl/automating_personalized_video_overlays_for_client/
1na8fqb,Did I underprice?,EntrepreneurRideAlong,5,4,9,2025-09-07 00:58:07,https://reddit.com/r/EntrepreneurRideAlong/comments/1na8fqb/did_i_underprice/
1na8evm,Did I underprice?,growmybusiness,5,16,21,2025-09-07 00:57:07,https://reddit.com/r/growmybusiness/comments/1na8evm/did_i_underprice/
1na88o6,Automated Personalized Outreach Videos,DigitalMarketing,1,5,6,2025-09-07 00:50:18,https://reddit.com/r/DigitalMarketing/comments/1na88o6/automated_personalized_outreach_videos/
1na8660,Automated Personalized Outreach Videos,freelance,1,0,1,2025-09-07 00:47:31,https://reddit.com/r/freelance/comments/1na8660/automated_personalized_outreach_videos/
1na85kq,Automated Personalized Outreach Videos,sales,1,1,2,2025-09-07 00:46:52,https://reddit.com/r/sales/comments/1na85kq/automated_personalized_outreach_videos/
1na84g2,Automated Personalized Outreach Videos,SideProject,1,0,1,2025-09-07 00:45:37,https://reddit.com/r/SideProject/comments/1na84g2/automated_personalized_outreach_videos/
1na83k5,Automated Personalized Outreach Videos,SMMA,1,4,5,2025-09-07 00:44:38,https://reddit.com/r/SMMA/comments/1na83k5/automated_personalized_outreach_videos/
1n9fx7u,My latest post and in a long line of me relaunching both my substacks,Substack_Best,2,0,2,2025-09-06 01:51:24,https://reddit.com/r/Substack_Best/comments/1n9fx7u/my_latest_post_and_in_a_long_line_of_me/
1n9ftcl,Any advice,Substack,1,16,17,2025-09-06 01:47:13,https://reddit.com/r/Substack/comments/1n9ftcl/any_advice/
1n9fsvs,Any advice,Newsletters,5,2,7,2025-09-06 01:46:42,https://reddit.com/r/Newsletters/comments/1n9fsvs/any_advice/
1n81tcz,"Build Your SaaS MVP Quickly $200-$500, No Upfront Payment",WebDeveloperJobs,0,1,1,2025-09-04 11:03:15,https://reddit.com/r/WebDeveloperJobs/comments/1n81tcz/build_your_saas_mvp_quickly_200500_no_upfront/
1n7qyxq,Experimenting with an AI productivity butler (curved timetable + roadmap builder),saasbuild,1,1,2,2025-09-04 02:35:01,https://reddit.com/r/saasbuild/comments/1n7qyxq/experimenting_with_an_ai_productivity_butler/
1n7qpdd,Launching a productivity SaaS with a curved timetable (not another Notion clone),SaaS,1,2,3,2025-09-04 02:24:55,https://reddit.com/r/SaaS/comments/1n7qpdd/launching_a_productivity_saas_with_a_curved/
1n7qnry,Made a “Spartan Mode” AI because I was sick of procrastinating,Procrastinationism,1,5,6,2025-09-04 02:23:10,https://reddit.com/r/Procrastinationism/comments/1n7qnry/made_a_spartan_mode_ai_because_i_was_sick_of/
1n7qmod,Made a “Spartan Mode” AI because I was sick of procrastinating,getdisciplined,1,1,2,2025-09-04 02:21:59,https://reddit.com/r/getdisciplined/comments/1n7qmod/made_a_spartan_mode_ai_because_i_was_sick_of/
1n7qkr2,The hidden cost of “productivity apps” nobody talks about,ProductivityApps,2,6,8,2025-09-04 02:19:57,https://reddit.com/r/ProductivityApps/comments/1n7qkr2/the_hidden_cost_of_productivity_apps_nobody_talks/
1n7qjjz,My task manager: 20 subtasks → 0 tasks completed.,programminghorror,0,5,5,2025-09-04 02:18:43,https://reddit.com/r/programminghorror/comments/1n7qjjz/my_task_manager_20_subtasks_0_tasks_completed/
1n7qhxf,Building a “visual butler” app because I was drowning in 20 Google Keep notes,SideProject,1,0,1,2025-09-04 02:17:03,https://reddit.com/r/SideProject/comments/1n7qhxf/building_a_visual_butler_app_because_i_was/
1n7qgns,The hidden cost of “productivity apps” nobody talks about,productivity,1,1,2,2025-09-04 02:15:43,https://reddit.com/r/productivity/comments/1n7qgns/the_hidden_cost_of_productivity_apps_nobody_talks/
1n6j2wu,How to make your SaaS landing page look pro (without hiring a designer),SaaS,1,0,1,2025-09-02 18:41:44,https://reddit.com/r/SaaS/comments/1n6j2wu/how_to_make_your_saas_landing_page_look_pro/
1n6j1wn,How to make your SaaS landing page look pro (without being a designer),vibecoding,1,0,1,2025-09-02 18:40:35,https://reddit.com/r/vibecoding/comments/1n6j1wn/how_to_make_your_saas_landing_page_look_pro/
1n6j0st,How to make your SaaS landing page look pro (without being a designer),VibeCodeCamp,4,2,6,2025-09-02 18:39:20,https://reddit.com/r/VibeCodeCamp/comments/1n6j0st/how_to_make_your_saas_landing_page_look_pro/
1n60utj,Lead gen methods discussions,FreelanceDevelopers,2,1,3,2025-09-02 02:39:44,https://reddit.com/r/FreelanceDevelopers/comments/1n60utj/lead_gen_methods_discussions/
1n5u5fm,How to build scalable MVPs fast (Firebase + API flexibility + demo-first landing page),vibecoding,0,0,0,2025-09-01 22:27:56,https://reddit.com/r/vibecoding/comments/1n5u5fm/how_to_build_scalable_mvps_fast_firebase_api/
1n5u3gf,How I build MVPs fast (Firebase + API flexibility + demo-first landing page) 🚀,SaaS,3,3,6,2025-09-01 22:25:50,https://reddit.com/r/SaaS/comments/1n5u3gf/how_i_build_mvps_fast_firebase_api_flexibility/
1ltqrwa,First week report,Entrepreneur,1,2,3,2025-07-07 16:04:30,https://reddit.com/r/Entrepreneur/comments/1ltqrwa/first_week_report/
1ls9x70,50% Recurring Commissions - Promote a New AI Tool Built for Newsletter Writers & Creators,passive_income,1,4,5,2025-07-05 18:59:23,https://reddit.com/r/passive_income/comments/1ls9x70/50_recurring_commissions_promote_a_new_ai_tool/
1ls9vhc,50% Recurring Commissions - Promote a New AI Tool Built for Newsletter Writers & Creators,AffiliateMarket,1,0,1,2025-07-05 18:57:03,https://reddit.com/r/AffiliateMarket/comments/1ls9vhc/50_recurring_commissions_promote_a_new_ai_tool/
1ls7p5p,Here you go,u_Reasonable_Cod_8762,1,0,1,2025-07-05 16:56:43,https://reddit.com/r/u_Reasonable_Cod_8762/comments/1ls7p5p/here_you_go/
1lrnr1a,Searching for influencers/creators/writers,TikTok,1,3,4,2025-07-04 22:31:03,https://reddit.com/r/TikTok/comments/1lrnr1a/searching_for_influencerscreatorswriters/
1lrnps4,Searching for influencers/creators/writers,InstagramMarketing,2,7,9,2025-07-04 22:29:44,https://reddit.com/r/InstagramMarketing/comments/1lrnps4/searching_for_influencerscreatorswriters/
1lrnoi4,Searching for influencers/creators/writers,creators,2,5,7,2025-07-04 22:28:16,https://reddit.com/r/creators/comments/1lrnoi4/searching_for_influencerscreatorswriters/
1lrgnnd,How are these,Instagram,1,0,1,2025-07-04 17:11:16,https://reddit.com/r/Instagram/comments/1lrgnnd/how_are_these/
1lremt7,Building Software On The Side,Entrepreneur,3,8,11,2025-07-04 15:07:31,https://reddit.com/r/Entrepreneur/comments/1lremt7/building_software_on_the_side/
1lrd6tq,repurposed sample(order is wrong due to reddit),u_Reasonable_Cod_8762,1,0,1,2025-07-04 13:30:46,https://reddit.com/r/u_Reasonable_Cod_8762/comments/1lrd6tq/repurposed_sampleorder_is_wrong_due_to_reddit/
1lrd2sf,here is a sample from your latest post,u_Reasonable_Cod_8762,1,0,1,2025-07-04 13:23:19,https://reddit.com/r/u_Reasonable_Cod_8762/comments/1lrd2sf/here_is_a_sample_from_your_latest_post/
1lr2kq1,Should I use linkedin plus rant,SaaS,4,7,11,2025-07-04 03:49:28,https://reddit.com/r/SaaS/comments/1lr2kq1/should_i_use_linkedin_plus_rant/
1lr20qg,Searching for newsletters,Newsletters,0,2,2,2025-07-04 03:24:36,https://reddit.com/r/Newsletters/comments/1lr20qg/searching_for_newsletters/
1lr1yr9,✍️ The Only 2 Tools You Need to Grow a Newsletter in 2025,Newsletters,6,16,22,2025-07-04 03:22:07,https://reddit.com/r/Newsletters/comments/1lr1yr9/the_only_2_tools_you_need_to_grow_a_newsletter_in/
1lr1xjs,✍️ The Only 2 Tools You Need to Grow a Newsletter in 2025,beehiiv,0,2,2,2025-07-04 03:20:41,https://reddit.com/r/beehiiv/comments/1lr1xjs/the_only_2_tools_you_need_to_grow_a_newsletter_in/
1lr1n2q,Should I use linkedin plus rant,Entrepreneur,3,2,5,2025-07-04 03:07:47,https://reddit.com/r/Entrepreneur/comments/1lr1n2q/should_i_use_linkedin_plus_rant/
1lqzzzx,Helping you market,u_Reasonable_Cod_8762,1,0,1,2025-07-04 01:58:41,https://reddit.com/r/u_Reasonable_Cod_8762/comments/1lqzzzx/helping_you_market/
1lquxiz,Need feedback,beehiiv,1,0,1,2025-07-03 22:35:32,https://reddit.com/r/beehiiv/comments/1lquxiz/need_feedback/
1lqthr5,How are these,u_Reasonable_Cod_8762,1,0,1,2025-07-03 21:38:18,https://reddit.com/r/u_Reasonable_Cod_8762/comments/1lqthr5/how_are_these/
1lpa6uf,Looking for affiliates,AffiliateMarket,11,26,37,2025-07-02 00:28:41,https://reddit.com/r/AffiliateMarket/comments/1lpa6uf/looking_for_affiliates/
1logjdb,Helping you grow,Newsletters,3,15,18,2025-07-01 00:48:52,https://reddit.com/r/Newsletters/comments/1logjdb/helping_you_grow/
1lno0yc,High-Converting Tool for Writers | 50% Recurring Commission | Easy to Sell,AffiliateMarket,2,1,3,2025-06-30 01:30:14,https://reddit.com/r/AffiliateMarket/comments/1lno0yc/highconverting_tool_for_writers_50_recurring/
1lnnu1w,"Affiliate program, software recrurring, gumroad based",Affiliatemarketing,1,0,1,2025-06-30 01:22:08,https://reddit.com/r/Affiliatemarketing/comments/1lnnu1w/affiliate_program_software_recrurring_gumroad/
1llqkcn,How I grew to 100 subs,Substack,0,9,9,2025-06-27 16:03:49,https://reddit.com/r/Substack/comments/1llqkcn/how_i_grew_to_100_subs/
1ll6pbe,Finally shiped my product but now I am anxious,Entrepreneur,6,5,11,2025-06-26 23:19:09,https://reddit.com/r/Entrepreneur/comments/1ll6pbe/finally_shiped_my_product_but_now_i_am_anxious/
1lhjfrj,How to build automations,automation,1,1,2,2025-06-22 14:26:38,https://reddit.com/r/automation/comments/1lhjfrj/how_to_build_automations/
1lhjesv,Building simple automations,Entrepreneur,2,1,3,2025-06-22 14:24:49,https://reddit.com/r/Entrepreneur/comments/1lhjesv/building_simple_automations/
1lf6s91,Building automations how it works,Entrepreneur,1,5,6,2025-06-19 15:17:39,https://reddit.com/r/Entrepreneur/comments/1lf6s91/building_automations_how_it_works/
1kyzlrx,Free for the community,Entrepreneur,3,3,6,2025-05-30 14:40:09,https://reddit.com/r/Entrepreneur/comments/1kyzlrx/free_for_the_community/
1kpk3tf,How to get a good landing page,SaaSMarketing,2,2,4,2025-05-18 19:04:28,https://reddit.com/r/SaaSMarketing/comments/1kpk3tf/how_to_get_a_good_landing_page/
